-11, 16
-13, 65
-9, 51
-8, 49
-9, 41
-6, 63
-7, 59
-11, 66
-4, 52
-8, 54
-11, 64
-14, 67
-11, 62
-11, 54
-13, 106
-14, 74
-12, 109
-11, 60
-10, 55
-12, 106
-7, 63
-11, 56
-9, 54
-11, 68
-10, 54
-11, 108
-13, 56
-17, 61
-7, 54
-13, 62
-7, 65
-7, 50
-11, 69
-10, 56
-7, 51
-6, 51
-14, 69
-13, 109
-11, 60
-9, 53
-7, 50
-11, 91
-7, 63
-6, 103
-6, 52
-14, 111
-18, 64
-9, 103
-11, 52
-7, 54
-15, 61
-8, 51
-6, 56
-8, 55
-9, 50
-11, 53
-10, 63
-5, 10
-11, 56
-11, 50
-10, 59
-17, 58
-9, 56
-6, 52
-14, 108
-16, 106
-9, 49
-16, 54
-14, 66
-12, 59
-9, 56
-8, 64
-6, 56
-12, 54
-11, 55
-9, 66
-9, 56
-13, 56
-13, 57
-8, 65
-16, 71
-5, 49
-8, 49
-9, 56
-11, 54
-5, 54
-18, 69
-5, 64
-13, 66
-6, 50
-8, 51
-6, 50
-9, 50
-15, 56
-9, 55
-8, 52
-6, 50
-7, 52
-7, 13
-12, 65
-13, 56
-11, 51
-8, 51
-11, 63
-13, 68
-12, 64
-5, 100
-6, 56
-6, 64
-7, 52
-4, 51
-9, 56
-10, 55
-10, 54
-10, 51
-4, 49
-11, 51
-6, 53
-20, 69
-10, 104
-7, 53
-6, 61
-13, 64
-11, 54
-11, 54
-10, 52
-1000000007, -999999936
-12, 60
-9, 56
-11, 106
-16, 108
-9, 54
-14, 64
-14, 56
-9, 67
-8, 49
-5, 61
-8, 100
-16, 60
-14, 60
-14, 56
-9, 75
-13, 57
-7, 51
-14, 58
-9, 53
-9, 60
-11, 63
-8, 52
-15, 61
-12, 51
-11, 55
-14, 59
-10, 63
-10, 51
-14, 57
-12, 54
-9, 54
-11, 57
-7, 58
-7, 61
-11, 53
-11, 55
-9, 54
-17, 70
-5, 49
-7, 66
-5, 50
-9, 51
-11, 56
-13, 68
-10, 56
-7, 49
-8, 51
-10, 102
-9, 56
-9, 63
-5, 63
-12, 69
-10, 56
-12, 55
-9, 62
-9, 64
-11, 54
-12, 111
-15, 61
-10, 67
-10, 63
-19, 70
-13, 61
-9, 51
-11, 43
-9, 56
-6, 61
-11, 68
-6, 58
-14, 56
-8, 63
-6, 100
-12, 53
-10, 95
-8, 54
-7, 103
-5, 50
-10, 67
-12, 57
-9, 100
-9, 58
-12, 53
-8, 62
-19, 71
-5, 100
-10, 65
-12, 40
-17, 57
-7, 49
-7, 54
-13, 112
-12, 53
-15, 109
-10, 66
-9, 59
-13, 55
-11, 53
-8, 50
-10, 64
-12, 67
-7, 52
-13, 61
-9, 52
-8, 54
-5, 49
-15, 59
-6, 104
-12, 55
-11, 52
-9, 64
-5, 47
-6, 50
-16, 55
-13, 57
-14, 58
-12, 63
-9, 90
-10, 54
-9, 57
-10, 53
-12, 53
-9, 53
-9, 106
-9, 62
-9, 60
-10, 68
-10, 16
-6, 47
-12, 66
-7, 48
-11, 93
-13, 109
-7, 54
-8, 89
-6, 59
-6, 60
-9, 61
-9, 100
-5, 64
-5, 105
-7, 51
-8, 54
-7, 54
-13, 57
-8, 50
-11, 54
-9, 86
-13, 58
-8, 54
-16, 65
-6, 60
-3, 75
-7, 113
-7, 65
-6, 99
-4, 45
-8, 51
-5, 62
-5, 77
-6, 64
-6, 60
-5, 59
-5, 110
-5, 56
-7, 53
-4, 63
-4, 68
-6, 76
-8, 70
-7, 68
-8, 44
-8, 50
-6, 52
-7, 51
-6, 40
-5, 50
-9, 54
-6, 99
-4, 70
-6, 50
-6, 51
-5, 101
-7, 89
-6, 55
-6, 58
-4, 105
-7, 74
-6, 52
-5, 71
-6, 97
-9, 76
-8, 63
-8, 52
-4, 92
-6, 56
-5, 71
-6, 104
-7, 108
-5, 51
-4, 55
-4, 63
-8, 100
-7, 60
-4, 62
-5, 90
-6, 67
-8, 63
-6, 102
-8, 51
-8, 70
-6, 58
-6, 78
-4, 61
-6, 59
-7, 57
-9, 62
-5, 45
-4, 58
-7, 42
-9, 66
-4, 51
-7, 60
-7, 110
-6, 65
-5, 55
-8, 107
-5, 114
-7, 66
-5, 54
-4, 60
-8, 62
-3, 56
-5, 47
-6, 53
-7, 39
-8, 70
-5, 58
-7, 56
-7, 101
-8, 66
-4, 53
-5, 75
-8, 57
-7, 59
-6, 56
-7, 35
-5, 59
-9, 89
-9, 48
-6, 67
-7, 49
-8, 49
-4, 111
-6, 56
-9, 100
-9, 61
-5, 62
-6, 62
-6, 92
-5, 102
-7, 51
-5, 59
-8, 52
-6, 49
-4, 120
-8, 102
-4, 56
-3, 66
-9, 64
-5, 49
-6, 73
-7, 102
-5, 62
-6, 68
-8, 62
-3, 57
-4, 49
-8, 58
-6, 65
-4, 57
-5, 59
-6, 52
-4, 53
-5, 87
-6, 49
-7, 48
-4, 61
-5, 53
-8, 93
-5, 71
-4, 46
-6, 56
-7, 108
-7, 99
-7, 92
-6, 52
-6, 49
-7, 75
-6, 49
-7, 73
-5, 57
-5, 50
-7, 52
-7, 57
-7, 59
-6, 60
-4, 72
-7, 57
-8, 57
-7, 50
-7, 65
-6, 67
-3, 48
-3, 58
-10, 76
-6, 61
-6, 67
-7, 104
-8, 101
-9, 63
-8, 44
-6, 63
-6, 57
-6, 56
-5, 71
-7, 54
-6, 108
-3, 46
-4, 53
-4, 51
-7, 59
-9, 63
-2, 59
-3, 58
-6, 62
-4, 72
-4, 101
-5, 49
-4, 102
-7, 53
-4, 65
-5, 56
-7, 55
-6, 98
-6, 99
-7, 69
-6, 57
-8, 64
-5, 51
-7, 52
-5, 47
-7, 50
-4, 100
-5, 57
-5, 50
-5, 46
-6, 75
-5, 108
-5, 115
-7, 65
-6, 68
-7, 52
-8, 55
-5, 62
-5, 57
-8, 76
-7, 108
-5, 102
-6, 60
-7, 59
-3, 56
-5, 72
-5, 109
-6, 51
-3, 52
-4, 58
-5, 103
-7, 58
-6, 73
-6, 66
-8, 52
-8, 58
-8, 60
-4, 66
-3, 66
-2, 59
-5, 97
-5, 64
-6, 68
-8, 53
-7, 96
-7, 61
-4, 108
-8, 66
-5, 58
-5, 59
-5, 45
-5, 54
-4, 82
-7, 45
-6, 54
-6, 60
-6, 52
-4, 52
-6, 104
-8, 90
-5, 92
-4, 57
-8, 91
-6, 68
-9, 47
-6, 63
-6, 39
-6, 55
-5, 74
-5, 90
-5, 53
-7, 67
-9, 68
-6, 52
-4, 100
-5, 59
-5, 112
-5, 74
-6, 58
-6, 103
-7, 49
-5, 104
-7, 104
-6, 78
-7, 49
-7, 46
-8, 65
-7, 114
-8, 98
-6, 52
-8, 60
-3, 102
-6, 55
-5, 55
-7, 116
-7, 111
-6, 45
-4, 57
-5, 42
-5, 49
-6, 69
-7, 59
-5, 54
-5, 63
-8, 60
-5, 61
-7, 68
-4, 61
-6, 114
-6, 103
-6, 104
-9, 65
-6, 71
-5, 72
-5, 65
-5, 63
-3, 54
-7, 59
-7, 48
-4, 44
-7, 61
-6, 62
-3, 101
-4, 61
-6, 55
-5, 69
-6, 57
-8, 50
-4, 68
-7, 52
-7, 76
-6, 58
-6, 116
-3, 93
-8, 57
-6, 49
-3, 45
-7, 54
-6, 54
-7, 116
-6, 51
-3, 53
-3, 60
-5, 69
-8, 68
-5, 65
-8, 109
-3, 55
-5, 95
-6, 69
-6, 68
-2, 52
-4, 65
-4, 49
-3, 100
-7, 62
-9, 55
-4, 103
-7, 95
-5, 42
-7, 115
-8, 46
-4, 56
-6, 59
-8, 76
-7, 69
-6, 104
-3, 63
-7, 52
-7, 106
-4, 53
-6, 62
-6, 51
-5, 63
-5, 55
-8, 55
-7, 54
-6, 53
-5, 54
-6, 99
-4, 43
-6, 53
-7, 59
-7, 78
-6, 59
-6, 64
-7, 91
-7, 69
-5, 59
-5, 105
-6, 49
-6, 59
-9, 38
-6, 65
-6, 72
-6, 52
-6, 99
-6, 51
-8, 74
-8, 115
-8, 111
-6, 48
-4, 64
-5, 53
-5, 71
-8, 66
-8, 50
-6, 104
-6, 48
-8, 59
-6, 48
-5, 98
-6, 53
-7, 49
-7, 72
-7, 87
-5, 53
-5, 55
-7, 67
-6, 90
-6, 60
-6, 54
-4, 87
-3, 73
-7, 62
-6, 75
-5, 49
-9, 62
-8, 103
-4, 94
-7, 98
-4, 70
-6, 56
-7, 51
-6, 103
-7, 96
-4, 71
-7, 59
-3, 106
-8, 90
-8, 47
-4, 55
-5, 48
-5, 90
-5, 64
-5, 108
-5, 110
-6, 53
-8, 64
-7, 55
-6, 58
-3, 59
-6, 72
-6, 103
-4, 47
-6, 65
-6, 76
-5, 63
-7, 61
-7, 69
-8, 53
-7, 66
-8, 108
-8, 111
-4, 106
-4, 74
-7, 61
-8, 45
-8, 50
-7, 106
-3, 62
-6, 70
-9, 63
-6, 106
-6, 95
-6, 65
-5, 56
-7, 65
-8, 60
-7, 62
-7, 66
-6, 53
-4, 104
-6, 98
-8, 102
-5, 55
-2, 49
-3, 73
-5, 54
-4, 92
-6, 102
-7, 119
-8, 106
-9, 71
-4, 65
-5, 60
-5, 50
-3, 73
-6, 71
-8, 73
-8, 65
-7, 60
-6, 52
-5, 50
-7, 91
-8, 38
-5, 66
-6, 59
-7, 68
-6, 44
-8, 105
-7, 70
-4, 51
-8, 52
-5, 58
-4, 53
-6, 63
-5, 61
-5, 98
-5, 96
-7, 103
-6, 50
-7, 65
-3, 56
-6, 103
-5, 106
-7, 108
-6, 78
-5, 107
-4, 115
-7, 97
-8, 53
-5, 63
-5, 71
-9, 66
-4, 62
-6, 60
-9, 65
-5, 95
-7, 39
-4, 68
-7, 57
-3, 106
-8, 113
-6, 57
-6, 59
-7, 65
-6, 101
-4, 57
-4, 61
-7, 64
-9, 49
-5, 106
-6, 109
-4, 106
-7, 98
-8, 57
-5, 52
-7, 94
-8, 57
-6, 51
-8, 47
-7, 47
-6, 114
-7, 66
-2, 45
-4, 51
-8, 108
-3, 98
-8, 114
-6, 52
-9, 104
-4, 95
-5, 68
-6, 50
-7, 99
-6, 57
-6, 57
-5, 52
-4, 92
-6, 105
-6, 107
-6, 101
-8, 101
-8, 96
-7, 62
-5, 60
-8, 46
-5, 50
-7, 68
-4, 75
-5, 58
-6, 62
-7, 56
-5, 98
-8, 59
-4, 62
-5, 30
-7, 51
-8, 66
-4, 69
-6, 66
-7, 109
-5, 60
-6, 57
-4, 45
-7, 103
-7, 63
-5, 70
-8, 114
-7, 63
-4, 70
-6, 50
-4, 51
-8, 60
-4, 44
-5, 47
-5, 61
-6, 78
-8, 60
-6, 63
-3, 53
-5, 60
-7, 57
-5, 106
-7, 65
-7, 71
-4, 57
-9, 58
-7, 66
-8, 68
-7, 93
-6, 100
-4, 46
-3, 105
-5, 56
-5, 62
-8, 65
-4, 52
-6, 53
-4, 54
-5, 90
-3, 69
-10, 101
-5, 49
-5, 61
-2, 40
-6, 64
-5, 57
-6, 97
-7, 71
-5, 103
-6, 55
-4, 72
-4, 61
-5, 103
-8, 48
-7, 55
-3, 66
-6, 57
-5, 79
-8, 52
-7, 94
-5, 65
-6, 54
-5, 69
-7, 89
-4, 61
-7, 66
-6, 72
-7, 64
-5, 93
-7, 59
-6, 51
-3, 50
-5, 95
-4, 50
-4, 52
-7, 110
-5, 82
-6, 55
-8, 56
-3, 54
-4, 55
-6, 63
-6, 51
-6, 57
-4, 107
-8, 66
-6, 66
-5, 71
-6, 64
-7, 66
-7, 64
-7, 48
-4, 58
-4, 45
-4, 51
-7, 54
-7, 47
-6, 98
-9, 51
-6, 47
-9, 94
-7, 55
-8, 61
-3, 59
-5, 104
-7, 59
-8, 67
-8, 61
-8, 66
-5, 58
-6, 53
-8, 60
-4, 62
-5, 100
-3, 57
-6, 70
-4, 100
-5, 80
-5, 69
-9, 46
-6, 59
-6, 56
-6, 58
-6, 62
-8, 55
-5, 68
-7, 96
-3, 93
-4, 109
-5, 87
-9, 70
-4, 55
-5, 61
-6, 71
-9, 54
-7, 57
-8, 87
-6, 60
-7, 96
-7, 103
-6, 59
-6, 56
-7, 56
-8, 67
-7, 106
-6, 56
-7, 68
-6, 103
-9, 92
-7, 112
-5, 115
-4, 63
-4, 54
-4, 51
-7, 65
-6, 54
-7, 105
-5, 53
-4, 53
-6, 60
-6, 56
-5, 69
-9, 101
-8, 61
-5, 72
-7, 56
-7, 52
-4, 55
-4, 50
-4, 44
-5, 59
-5, 46
-5, 73
-5, 62
-6, 52
-8, 65
-7, 68
-6, 63
-5, 60
-7, 61
-5, 105
-6, 57
-8, 63
-7, 61
-5, 65
-5, 98
-7, 72
-4, 104
-5, 57
-7, 50
-5, 51
-7, 51
-8, 61
-7, 76
-7, 61
-7, 51
-4, 96
-4, 68
-5, 27
-5, 68
-6, 61
-8, 51
-7, 112
-7, 72
-6, 67
-8, 56
-4, 65
-4, 109
-9, 65
-6, 44
-5, 61
-7, 57
-4, 55
-4, 97
-7, 57
-5, 67
-4, 50
-9, 66
-7, 62
-7, 70
-3, 62
-6, 92
-4, 67
-8, 70
-7, 82
-7, 72
-7, 70
-6, 64
-3, 95
-7, 71
-5, 110
-9, 115
-5, 61
-5, 74
-6, 89
-6, 46
-5, 54
-8, 112
-5, 103
-8, 54
-5, 66
-8, 48
-6, 93
-8, 59
-6, 117
-7, 63
-4, 91
-5, 67
-6, 55
-8, 110
-7, 110
-3, 71
-9, 59
-6, 48
-8, 55
-4, 109
-6, 96
-8, 62
-5, 51
-5, 43
-7, 48
-6, 98
-4, 102
-5, 81
-6, 63
-4, 67
-7, 71
-5, 50
-7, 46
-7, 65
-6, 42
-7, 64
-6, 56
-3, 117
-6, 50
-6, 41
-1000000006, -999999950
-4, 111
-8, 65
-9, 64
-5, 73
-6, 73
-4, 93
-6, 52
-6, 64
-5, 47
-4, 58
-5, 86
-5, 52
-7, 107
-5, 50
-7, 60
-4, 69
-9, 59
-5, 57
-8, 67
-7, 107
-8, 61
-7, 60
-9, 66
-7, 59
-6, 63
-5, 57
-6, 68
-3, 90
-5, 58
-3, 44
-9, 54
-7, 58
-7, 56
-6, 62
-5, 58
-6, 72
-4, 59
-3, 62
-3, 72
-5, 55
-7, 96
-7, 69
-7, 57
-8, 49
-6, 51
-4, 42
-5, 40
-5, 69
-4, 51
-6, 54
-6, 95
-6, 95
-7, 63
-5, 62
-4, 44
-4, 50
-7, 63
-6, 106
-6, 119
-8, 58
-10, 52
-7, 61
-6, 63
-7, 68
-5, 64
-3, 44
-7, 98
-6, 58
-7, 89
-5, 62
-8, 99
-4, 55
-7, 106
-6, 55
-4, 47
-7, 85
-6, 60
-8, 64
-7, 100
-6, 57
-7, 48
-5, 107
-5, 66
-4, 49
-5, 102
-6, 48
-8, 95
-7, 94
-7, 60
-4, 99
-7, 53
-7, 67
-7, 58
-6, 48
-5, 66
-8, 54
-7, 67
-3, 64
-4, 54
-6, 59
-5, 62
-4, 67
-8, 84
-5, 56
-8, 72
-3, 61
-4, 93
-7, 54
-7, 110
-6, 53
-9, 75
-4, 60
-8, 64
-8, 100
-7, 54
-4, 71
-6, 62
-10, 72
-3, 63
-7, 87
-3, 50
-5, 71
-7, 105
-8, 50
-4, 61
-6, 61
-7, 56
-5, 61
-6, 51
-4, 38
-8, 114
-5, 58
-6, 65
-2, 55
-6, 69
-7, 52
-7, 64
-7, 58
-8, 49
-5, 55
-5, 49
-9, 93
-6, 55
-6, 64
-4, 96
-7, 61
-4, 55
-4, 67
-8, 56
-5, 47
-6, 47
-6, 58
-6, 52
-5, 113
-7, 108
-7, 108
-4, 53
-4, 50
-7, 58
-8, 45
-6, 61
-7, 74
-7, 63
-5, 89
-6, 51
-9, 53
-4, 116
-8, 56
-5, 46
-7, 56
-4, 62
-8, 62
-5, 96
-8, 101
-7, 102
-5, 58
-7, 57
-4, 109
-5, 63
-6, 69
-9, 61
-6, 54
-7, 110
-6, 54
-8, 68
-7, 51
-6, 43
-6, 51
-9, 55
-7, 94
-5, 70
-5, 65
-6, 74
-3, 90
-5, 58
-6, 65
-6, 70
-9, 53
-7, 66
-4, 57
-7, 54
-6, 57
-6, 46
-5, 55
-7, 60
-6, 103
-9, 57
-6, 62
-7, 67
-5, 108
-6, 94
-7, 51
-6, 48
-8, 103
-4, 51
-7, 56
-9, 70
-9, 52
-5, 96
-3, 59
-1000000006, -999999946
-4, 64
-6, 105
-5, 108
-8, 55
-3, 52
-4, 95
-6, 64
-7, 68
-7, 102
-6, 94
-5, 50
-6, 60
-6, 45
-5, 69
-7, 96
-3, 114
-7, 57
-3, 73
-5, 61
-8, 66
-7, 52
-9, 59
-8, 39
-8, 57
-6, 61
-3, 68
-8, 67
-7, 115
-8, 61
-7, 75
-10, 73
-7, 58
-6, 103
-4, 66
-7, 84
-3, 65
-8, 66
-7, 58
-6, 49
-8, 71
-4, 90
-8, 60
-7, 115
-6, 105
-6, 56
-7, 107
-9, 64
-6, 60
-6, 50
-6, 105
-5, 50
-6, 56
-7, 57
-5, 49
-9, 99
-8, 57
-6, 52
-7, 67
-10, 65
-7, 69
-6, 44
-7, 60
-9, 74
-7, 100
-5, 57
-7, 76
-6, 55
-4, 116
-5, 105
-5, 106
-9, 104
-5, 62
-5, 53
-6, 51
-1000000007, -999999962
-4, 60
-6, 53
-6, 80
-7, 104
-7, 58
-4, 57
-3, 51
-6, 90
-6, 97
-4, 111
-6, 53
-7, 47
-9, 109
-7, 72
-7, 51
-8, 94
-5, 62
-5, 67
-5, 51
-7, 51
-3, 99
-4, 107
-8, 59
-7, 59
-5, 62
-6, 53
-4, 107
-5, 116
-6, 93
-6, 64
-8, 69
-7, 60
-8, 68
-6, 67
-4, 61
-7, 59
-8, 66
-3, 98
-5, 52
-8, 63
-7, 97
-5, 107
-7, 89
-7, 98
-10, 116
-5, 64
-7, 59
-7, 56
-4, 59
-6, 57
-7, 101
-5, 61
-4, 65
-4, 68
-3, 64
-7, 63
-6, 96
-6, 63
-4, 51
-4, 84
-7, 52
-3, 65
-10, 67
-6, 94
-7, 53
-2, 60
-5, 60
-8, 39
-5, 52
-4, 62
-7, 75
-7, 72
-3, 64
-4, 57
-8, 92
-5, 93
-7, 64
-3, 65
-8, 60
-6, 110
-7, 106
-5, 54
-6, 65
-5, 105
-4, 47
-4, 60
-7, 64
-6, 58
-6, 53
-7, 48
-3, 61
-4, 50
-5, 99
-3, 69
-5, 67
-8, 69
-4, 61
-9, 48
-7, 50
-6, 47
-4, 56
-7, 47
-8, 100
-5, 61
-3, 47
-5, 95
-6, 106
-7, 53
-4, 90
-4, 94
-5, 59
-6, 64
-3, 53
-6, 52
-5, 52
-6, 104
-6, 65
-2, 51
-5, 99
-6, 62
-8, 66
-5, 45
-7, 109
-7, 60
-8, 78
-8, 56
-5, 66
-6, 105
-7, 103
-5, 64
-4, 63
-6, 62
-6, 52
-8, 94
-4, 57
-9, 72
-6, 60
-5, 56
-6, 60
-7, 100
-9, 106
-3, 99
-8, 48
4999999991, 705032752
-7, 104
-4, 52
-7, 67
13, 66
-10, 99
-5, 94
-6, 63
-4, 65
-6, 56
-4, 61
-3, 46
-7, 99
-4, 64
-7, 70
-6, 60
-7, 51
-6, 55
-5, 59
-7, 96
-3, 51
-3, 56
-5, 102
-6, 61
-6, 69
-7, 100
-8, 93
-7, 80
-4, 63
-4, 68
-7, 108
-7, 106
-7, 59
-5, 47
-8, 55
-6, 61
-8, 63
-7, 56
-4, 67
-3, 52
-7, 94
-6, 64
-5, 62
-5, 58
-7, 51
-6, 55
-5, 51
-6, 97
-8, 55
-6, 46
-5, 61
-6, 60
-9, 54
-8, 106
-6, 101
-7, 64
-6, 107
-8, 63
-4, 49
-7, 64
-3, 35
-7, 82
-4, 52
-4, 56
-5, 60
-5, 47
-8, 110
-6, 76
-5, 61
-7, 74
-8, 51
-5, 53
-6, 67
-6, 67
-6, 49
-7, 101
-7, 56
-9, 71
-8, 56
-3, 49
-6, 54
-4, 47
-9, 61
-5, 57
-5, 55
-7, 63
-3, 60
-6, 104
-6, 100
-7, 54
-4, 59
-5, 59
-6, 59
-5, 50
-6, 108
-4, 56
-5, 102
-7, 113
-7, 104
-5, 117
-5, 58
-7, 71
-6, 53
-8, 66
-4, 36
-6, 115
-7, 71
-7, 106
-7, 54
-7, 63
-5, 53
-9, 60
-5, 65
-4, 70
-6, 111
-10, 63
-5, 63
-7, 56
-3, 29
-6, 59
-6, 59
-5, 52
-6, 63
-9, 59
-7, 60
-8, 55
-9, 53
-4, 94
-6, 103
-6, 51
-5, 47
-5, 58
-4, 62
-10, 56
-6, 57
-7, 63
-4, 45
-8, 58
-7, 79
-4, 65
-10, 95
-3, 56
-6, 108
-6, 83
-6, 48
-4, 50
-7, 40
-7, 48
-6, 66
-8, 59
-7, 92
-6, 53
-8, 100
-4, 65
-6, 50
-6, 41
-3, 50
-5, 62
-7, 62
-4, 62
-3, 48
-8, 102
-6, 50
-9, 63
-5, 56
-8, 103
-5, 111
-6, 104
-5, 62
-3, 62
-6, 107
-5, 59
-4, 52
-6, 103
-7, 50
-8, 55
-5, 62
-8, 69
-4, 43
-6, 104
-8, 112
-6, 57
-5, 98
-7, 54
-6, 52
-4, 59
-7, 69
-8, 95
-5, 74
-8, 59
-4, 55
-6, 101
-8, 83
-6, 92
-11, 72
-6, 67
-4, 54
-6, 57
-4, 60
-7, 47
-8, 102
-4, 99
-7, 50
-6, 51
-7, 64
-6, 46
-7, 66
-8, 63
-7, 50
-7, 109
-8, 66
-6, 70
-7, 73
-4, 52
-8, 110
-7, 56
-5, 72
-5, 63
-7, 95
-8, 60
-6, 51
-6, 56
-8, 56
-3, 52
-9, 105
-9, 67
-6, 51
-5, 88
-7, 58
-6, 61
-9, 59
-8, 65
-5, 65
-7, 66
-6, 69
-4, 58
-9, 114
-4, 43
-5, 62
-6, 58
-7, 50
-5, 67
-4, 49
-8, 59
-6, 65
-4, 56
-8, 99
-8, 70
-4, 49
-6, 64
-9, 76
-5, 54
-4, 46
-8, 60
-7, 69
-6, 103
-2, 50
-3, 63
-3, 66
-4, 50
-8, 68
-2, 68
-3, 52
-9, 68
-5, 47
-4, 62
-7, 65
-7, 107
-9, 69
-10, 91
-6, 68
-4, 68
-6, 62
-6, 64
-6, 85
-6, 65
-6, 62
-5, 72
-7, 50
-7, 110
-4, 60
-5, 51
-6, 45
-6, 114
-3, 55
-7, 72
-4, 101
-6, 97
-4, 99
-6, 51
-3, 56
-3, 61
-7, 65
-4, 102
-4, 55
-6, 104
-8, 108
-4, 55
-7, 99
-6, 100
-8, 65
-8, 103
-4, 54
-7, 56
-9, 77
-6, 63
-8, 57
-4, 63
-7, 64
-6, 75
-9, 53
-6, 62
-7, 103
-7, 49
-6, 55
-6, 57
-7, 117
-7, 79
-3, 58
-7, 58
-5, 101
-7, 51
-6, 48
-5, 64
-5, 90
-4, 58
-8, 74
-6, 66
-5, 110
-4, 54
-3, 55
-7, 106
-7, 65
-8, 105
-7, 73
-6, 94
-7, 102
-8, 95
-8, 99
-7, 61
-7, 64
-7, 83
-7, 108
-9, 64
-7, 69
-4, 54
-6, 55
-7, 69
-6, 63
-9, 69
-7, 74
-6, 70
-6, 64
-7, 92
-3, 58
-5, 64
-9, 102
-5, 50
-4, 37
-6, 51
-7, 83
-7, 105
-4, 51
-6, 46
-5, 61
-5, 113
-1000000006, -999999899
-5, 49
-2, 52
-7, 49
-9, 119
-6, 71
-7, 48
-7, 107
-6, 58
-5, 106
-8, 69
-6, 68
-5, 63
-5, 44
-7, 47
-7, 56
-7, 54
-4, 46
-9, 103
-5, 59
-6, 92
-8, 70
-6, 60
-4, 54
-8, 116
-6, 60
-7, 69
-7, 65
-7, 58
-5, 53
-6, 77
-4, 49
-8, 69
-8, 99
-4, 54
-6, 61
-7, 62
-7, 73
-5, 53
-8, 49
-10, 61
-6, 102
-3, 55
-4, 74
-7, 76
-5, 70
-5, 105
-6, 120
-4, 51
-8, 57
-6, 65
-6, 60
-4, 69
-7, 66
-4, 58
-5, 96
-7, 106
-9, 58
-8, 109
-7, 63
-4, 117
-7, 61
-6, 44
-6, 54
-4, 49
-8, 96
-5, 51
-4, 59
-4, 115
-5, 48
-7, 104
-7, 61
-5, 51
-6, 63
-8, 62
-7, 57
-5, 107
-8, 74
-4, 50
-6, 86
-6, 46
-5, 52
-6, 60
-4, 64
-3, 52
-7, 52
-7, 69
-4, 48
-8, 113
-5, 54
-6, 64
-3, 97
-5, 98
-8, 47
-6, 60
-7, 51
-5, 46
-6, 68
-5, 50
-7, 61
-5, 103
-6, 109
-6, 60
-8, 57
-4, 99
-6, 103
-5, 101
-8, 56
-6, 52
-7, 47
-4, 102
-3, 63
-9, 52
-9, 58
-7, 54
-4, 120
-7, 66
-7, 54
-5, 65
-9, 106
-5, 44
-4, 50
-6, 112
-6, 51
-6, 104
-3, 74
-6, 64
-7, 58
-7, 102
-8, 118
-7, 65
-5, 60
-7, 116
-7, 52
-7, 113
-4, 57
-6, 57
-6, 61
-7, 110
-9, 112
-9, 101
-6, 103
-7, 72
-4, 44
-5, 52
-8, 63
-8, 52
-8, 60
-6, 58
-6, 55
-5, 55
-9, 91
-5, 47
-6, 62
-3, 42
-6, 71
-8, 67
-10, 55
-5, 56
-7, 68
-6, 96
-6, 68
-7, 101
-7, 112
-7, 70
-9, 48
-8, 77
-4, 105
-3, 103
-5, 50
-8, 64
-7, 51
-8, 104
-7, 72
-8, 96
-6, 79
-9, 49
-8, 62
-6, 67
-5, 105
-5, 52
-6, 100
-5, 106
-5, 65
-5, 64
-7, 59
-8, 98
-5, 59
-5, 107
-7, 56
-4, 70
-8, 59
-9, 53
-4, 96
-5, 58
-4, 57
-4, 54
-6, 67
-6, 55
-5, 52
-6, 109
-8, 66
-6, 68
-3, 51
-8, 105
-6, 58
-7, 99
-7, 76
-7, 61
-4, 106
-6, 55
-8, 66
-5, 59
-8, 62
-7, 48
-9, 108
-6, 65
-4, 57
-5, 64
-6, 92
-6, 56
-7, 55
-9, 95
-9, 65
-3, 64
-6, 52
-6, 65
-9, 63
-7, 106
-6, 61
-8, 66
-5, 61
-7, 52
-3, 49
-8, 69
-6, 101
-8, 60
-7, 101
-6, 46
-3, 54
-9, 116
-9, 52
-6, 54
-5, 53
-7, 61
-3, 57
-6, 59
-5, 53
-5, 59
-9, 53
-9, 119
-5, 67
-6, 57
-7, 61
-6, 82
-3, 59
-7, 61
-9, 57
-6, 58
-4, 55
-4, 62
-7, 64
-6, 57
-6, 64
-7, 68
-7, 55
-6, 55
-5, 100
-7, 101
-3, 67
-7, 64
-6, 58
-5, 55
-5, 102
-6, 110
-5, 70
-6, 67
-7, 52
-4, 62
-8, 58
-8, 57
-6, 67
-6, 97
-6, 65
-3, 60
-6, 67
-8, 62
-5, 52
-7, 101
-1000000006, -999999933
-5, 58
-8, 64
-5, 58
-7, 35
-1000000007, -999999936
-6, 60
-5, 53
-8, 55
-7, 53
-6, 106
-6, 67
-4, 94
-9, 66
-6, 53
-3, 62
-5, 60
-5, 110
-5, 60
-5, 110
-6, 55
-5, 52
-6, 86
-5, 55
-4, 93
-7, 58
-6, 99
-7, 64
-7, 53
-3, 102
-6, 102
-6, 47
-7, 55
-7, 78
-4, 87
-4, 60
-10, 106
-4, 51
-9, 51
-4, 53
-4, 53
-5, 52
-7, 49
-5, 97
-7, 55
-6, 57
-7, 106
-5, 61
-6, 52
-6, 68
-4, 48
-9, 94
-8, 64
-8, 59
-6, 70
-5, 63
-6, 61
-6, 120
-8, 63
-6, 65
-8, 52
-6, 49
-4, 56
-7, 57
-4, 95
-6, 61
-4, 54
-4, 104
-6, 56
-7, 113
-5, 93
-6, 54
-6, 54
-6, 52
-5, 60
-5, 69
-8, 53
-3, 60
-5, 45
-7, 50
-6, 88
-4, 56
-7, 103
-7, 46
-5, 103
-10, 75
-7, 59
-8, 72
-6, 59
-3, 59
-3, 44
-6, 63
-7, 101
-9, 100
-4, 60
-4, 95
-7, 100
-7, 59
-6, 53
-4, 57
-7, 47
-6, 54
-8, 52
-10, 54
-8, 53
-5, 58
-6, 52
-6, 61
-6, 63
-7, 53
-6, 84
-5, 96
-3, 59
-8, 113
-6, 50
-5, 57
-5, 69
-5, 60
-3, 52
-4, 53
-6, 112
-7, 68
-4, 95
-7, 67
-5, 49
-7, 50
-6, 63
-6, 62
-8, 49
-3, 69
-4, 85
-5, 69
-7, 83
-5, 98
-7, 107
-5, 69
-8, 56
-7, 73
-9, 97
-7, 58
-8, 61
-6, 61
-4, 55
-5, 54
-6, 59
-7, 107
-4, 66
-7, 104
-4, 64
-6, 68
-1000000004, -999999949
-8, 60
-4, 73
-5, 51
-4, 67
-6, 67
-6, 68
-6, 53
-5, 45
-10, 54
-7, 67
-7, 64
-4, 91
-4, 48
-6, 68
-6, 63
-4, 108
-9, 67
-6, 55
-4, 59
-7, 64
-6, 111
-8, 117
-9, 53
-6, 112
-9, 63
-3, 63
-6, 90
-6, 72
-7, 54
-6, 66
-8, 107
-6, 108
-6, 53
-6, 49
-7, 118
-6, 106
-9, 60
-9, 39
-6, 63
-6, 101
-8, 57
-5, 47
-8, 119
-4, 68
-8, 59
-7, 109
-7, 61
-6, 61
-8, 53
-5, 44
-5, 61
-6, 48
-3, 100
-5, 53
-6, 62
-4, 105
-7, 72
-7, 56
-6, 63
-7, 63
-3, 50
-4, 58
-4, 71
-9, 68
-5, 106
-10, 51
-4, 63
-6, 56
-5, 50
-6, 60
-8, 54
-3, 107
-7, 56
-5, 56
-5, 61
-5, 60
-7, 59
-5, 65
-9, 71
-5, 64
-6, 53
-4, 53
-8, 63
-8, 61
-7, 93
-5, 52
-6, 72
-9, 90
-5, 65
-9, 113
-4, 61
-7, 92
-5, 52
-8, 102
-3, 72
-8, 66
-8, 60
-7, 64
-4, 46
-7, 72
-6, 103
-5, 52
-7, 62
-8, 63
-4, 106
-3, 60
-6, 52
-8, 54
-8, 61
-4, 59
-7, 108
-7, 111
-4, 54
-6, 62
-9, 65
-4, 100
-4, 60
-5, 64
-7, 49
-4, 99
-5, 56
-8, 54
-7, 61
-7, 105
-6, 59
-4, 51
-7, 56
-6, 100
-7, 49
-8, 101
-6, 58
-7, 72
-8, 61
-7, 70
-6, 48
-7, 57
-8, 55
-5, 44
-5, 67
-4, 103
-3, 52
-4, 91
-8, 33
-5, 99
-4, 57
-7, 53
-6, 51
-7, 65
-6, 63
-3, 48
-4, 49
-4, 99
-7, 54
-9, 108
-10, 77
-7, 94
-6, 57
-8, 64
-5, 53
-8, 60
-8, 103
-4, 63
-8, 104
-7, 54
-6, 62
-7, 55
-5, 55
-5, 53
-6, 37
-5, 34
-6, 62
-9, 53
-9, 66
-4, 114
-4, 79
-4, 62
-8, 70
-8, 60
-7, 91
-7, 59
-7, 72
-6, 62
-5, 66
-7, 65
-5, 68
-5, 61
-3, 57
-4, 52
-3, 62
-9, 62
-6, 50
-1000000007, -999999944
-6, 52
-3, 87
-8, 59
-5, 58
-8, 61
-7, 60
-4, 55
-7, 70
-6, 60
-9, 65
-9, 63
-3, 53
-6, 100
-6, 57
-4, 57
-8, 75
-6, 53
-8, 62
-6, 64
-4, 97
-7, 59
-8, 46
-8, 63
-7, 66
-6, 48
-6, 63
-7, 44
-4, 66
-4, 49
-5, 52
-8, 48
-7, 117
-7, 62
-7, 59
-7, 57
-3, 60
-8, 98
-9, 96
-6, 56
-10, 94
-8, 47
-8, 54
-6, 65
-8, 67
-3, 77
-4, 96
-9, 50
-6, 52
-4, 67
-4, 43
-8, 69
-8, 55
-4, 49
-8, 69
-6, 64
-5, 50
-9, 58
-7, 104
-4, 101
-7, 60
-7, 48
-7, 61
-5, 104
-6, 59
-8, 68
-6, 55
-9, 55
-5, 63
-8, 71
-7, 50
-5, 53
-5, 55
-7, 67
-5, 105
-6, 46
-4, 64
-6, 54
-7, 100
-4, 57
-6, 64
-5, 63
-8, 66
-5, 98
-8, 51
-3, 106
-7, 53
-6, 61
-6, 106
-4, 46
-7, 95
-6, 56
-9, 54
-6, 58
-5, 55
-4, 52
-5, 106
-5, 49
-3, 91
-4, 70
-4, 63
-9, 100
-5, 59
-3, 104
-7, 98
-4, 49
-6, 59
-3, 56
-8, 55
-7, 109
-7, 50
-5, 54
-6, 51
-5, 62
-7, 54
-7, 107
-8, 116
-7, 66
-7, 58
-6, 65
-7, 56
-4, 102
-5, 104
-10, 117
-7, 54
-7, 63
-7, 102
-6, 64
-5, 54
-5, 50
-7, 62
-4, 49
-5, 43
-8, 55
-5, 92
-1000000006, -999999934
-7, 44
-3, 52
-5, 58
-5, 61
-6, 64
-7, 55
-6, 65
-4, 64
-3, 54
-8, 67
-6, 74
-4, 67
-10, 61
-5, 63
-5, 65
-4, 60
-5, 64
-4, 57
-5, 49
-5, 59
-9, 63
-4, 74
-9, 91
-5, 65
-4, 61
-5, 102
-4, 62
-7, 52
-6, 68
-6, 64
-4, 112
-3, 72
-7, 47
-9, 108
-4, 64
-7, 64
-3, 114
-8, 60
-7, 50
-5, 98
-7, 112
-3, 65
-6, 61
-8, 90
-7, 100
-3, 53
-5, 66
-5, 51
-4, 46
-9, 116
-6, 73
-4, 53
-6, 57
-6, 71
-7, 115
-7, 54
-5, 117
-7, 53
-8, 66
-6, 94
-7, 51
-6, 101
-9, 71
-6, 59
-5, 73
-7, 107
-8, 105
-4, 51
-8, 53
-7, 53
-5, 66
-6, 53
-3, 108
-7, 62
-5, 56
-9, 65
-7, 110
-6, 61
-5, 55
-8, 57
-5, 58
-3, 51
-9, 59
-8, 59
-7, 49
-5, 63
-8, 58
-7, 90
-7, 67
-8, 63
-5, 50
-7, 105
-4, 99
-9, 48
-5, 111
-6, 62
-5, 58
-7, 103
-8, 77
-8, 50
-9, 52
-6, 54
-10, 102
-7, 57
-8, 59
-4, 68
-5, 66
-6, 64
-4, 51
-7, 63
-9, 64
-7, 60
-7, 67
-6, 72
-7, 66
-8, 66
-6, 63
-8, 71
-8, 55
-3, 47
-6, 104
-6, 103
-4, 94
-6, 64
-4, 61
-4, 52
-3, 62
-5, 45
-6, 55
-8, 52
-4, 54
-7, 56
-5, 51
-5, 96
-6, 61
-4, 75
-5, 53
-5, 109
-7, 46
-5, 73
-6, 56
-5, 103
-11, 57
-6, 56
-6, 102
-4, 103
-4, 60
-8, 105
-7, 57
-5, 64
-6, 50
-4, 48
-7, 112
-5, 60
-3, 49
-7, 111
-5, 63
-5, 54
-3, 106
-8, 45
-7, 59
-3, 51
-7, 105
-3, 65
-3, 53
-5, 104
-6, 56
-8, 53
-4, 62
-7, 67
-5, 73
-4, 52
-5, 93
-4, 72
-5, 51
-7, 58
-8, 67
-7, 69
-5, 52
-7, 107
-5, 55
-7, 62
-6, 52
-3, 68
-5, 46
-5, 57
-6, 69
-5, 102
-6, 60
-4, 108
-8, 65
-8, 60
-6, 120
-6, 112
-7, 59
-3, 44
-5, 56
-7, 63
-6, 52
-6, 68
-8, 60
-5, 53
-10, 57
-8, 73
-5, 58
-4, 100
-4, 50
-7, 48
-8, 51
-5, 52
-7, 60
-6, 100
-7, 56
-4, 56
-6, 66
-4, 55
-8, 105
-3, 46
-4, 52
-8, 74
-7, 72
-6, 70
-6, 107
-7, 66
-4, 57
-6, 59
-8, 110
-8, 102
-5, 44
-4, 77
-3, 58
-4, 47
-4, 62
-7, 68
-6, 99
-7, 62
-5, 58
-8, 63
-4, 66
-6, 64
-9, 61
-6, 59
-8, 91
-8, 111
-7, 49
-4, 53
-7, 79
-5, 72
-7, 51
-6, 49
-5, 114
-6, 69
-4, 104
-7, 48
-7, 86
-7, 103
-3, 109
-5, 86
-6, 55
-8, 45
-10, 55
-7, 58
-6, 56
-6, 91
-8, 109
-7, 111
-7, 105
-4, 50
-5, 107
-5, 113
-6, 69
-5, 65
-7, 107
-8, 74
-4, 96
-3, 58
-5, 90
-6, 71
-6, 60
-6, 104
-7, 106
-4, 60
-6, 50
-7, 57
-7, 53
-7, 58
-8, 44
-5, 108
-4, 68
-7, 74
-3, 62
-5, 45
-7, 58
-4, 67
-3, 52
-5, 50
-8, 54
-7, 58
-3, 98
-7, 98
-7, 62
-7, 63
-4, 34
-6, 55
-8, 57
-4, 72
-3, 54
-8, 52
-5, 103
-4, 70
-6, 59
-5, 52
-7, 55
-7, 101
-6, 93
-6, 97
-5, 89
-7, 55
-4, 65
-7, 67
-8, 68
-8, 57
-5, 54
-7, 96
-9, 67
-7, 111
-7, 105
-4, 58
-4, 63
-5, 88
-3, 57
-9, 70
-4, 52
-5, 32
-7, 60
-7, 70
-4, 49
-4, 52
-8, 106
-3, 105
-7, 64
-4, 72
-8, 67
-3, 49
-4, 49
-3, 49
-8, 99
-8, 74
-7, 60
-5, 50
-5, 112
-7, 50
-5, 60
-9, 65
-5, 97
-9, 50
-7, 59
-6, 39
-7, 51
-5, 56
-8, 52
-4, 71
-9, 48
-5, 58
-6, 54
-4, 48
-6, 70
-3, 58
-4, 60
-6, 100
-7, 52
-7, 72
-8, 47
-3, 66
-5, 53
-7, 54
-9, 53
-9, 69
-8, 62
-4, 104
-7, 65
-4, 62
-5, 58
-6, 62
-6, 96
-4, 52
-6, 68
-7, 67
-5, 50
-5, 66
-5, 45
-4, 110
-7, 67
-9, 57
-5, 49
-5, 93
-4, 74
-4, 68
-10, 60
-7, 106
-7, 115
-5, 62
-7, 45
-9, 48
-7, 55
-4, 57
-6, 53
-4, 46
-8, 75
-6, 62
-6, 62
-5, 66
-6, 53
-5, 56
-8, 60
-7, 100
-4, 63
-8, 59
-4, 101
-8, 73
-10, 76
-6, 60
-7, 108
-4, 99
-5, 55
-5, 67
-5, 50
-5, 55
-7, 113
-6, 59
-6, 55
-6, 61
-7, 63
-9, 76
-4, 62
-9, 75
-5, 98
-9, 65
-9, 61
-5, 84
-8, 77
-7, 69
-4, 92
-8, 63
-7, 59
-8, 62
-4, 59
-5, 64
-7, 59
-4, 54
-7, 104
-5, 108
-3, 64
-8, 69
-8, 54
-7, 49
-6, 106
-8, 53
-8, 51
-5, 102
-1000000004, -999999949
-6, 106
-8, 75
-6, 50
-8, 64
-8, 60
-4, 62
-9, 60
-8, 60
-3, 58
-5, 116
-9, 58
-6, 54
-7, 89
-6, 53
-8, 71
-8, 65
-3, 46
-6, 95
-6, 59
-4, 38
-6, 53
-7, 51
-3, 50
-7, 104
-7, 48
-6, 85
-4, 45
-7, 67
-7, 67
-8, 55
-6, 101
-4, 102
-8, 64
-5, 83
-7, 70
-8, 64
-3, 54
-9, 49
-6, 49
-7, 57
-6, 48
-5, 44
-3, 60
-6, 69
-3, 59
-7, 51
-8, 76
-4, 107
-5, 47
-4, 46
-5, 51
-4, 69
-6, 65
-4, 54
-7, 95
-7, 58
-4, 74
-6, 101
-7, 52
-5, 46
-4, 71
-6, 62
-7, 59
-7, 61
-6, 96
-5, 111
-5, 58
-7, 65
-3, 66
-9, 60
-7, 69
-5, 65
-6, 63
-7, 52
-8, 102
-6, 49
-7, 62
-4, 98
-5, 56
-4, 49
-8, 94
-7, 65
-7, 113
-4, 62
-10, 51
-3, 68
-5, 67
-9, 56
-5, 42
-5, 99
-9, 69
-3, 104
-8, 64
-7, 53
-3, 47
-7, 69
-8, 59
-8, 70
-6, 69
-9, 100
-1000000005, -999999947
-7, 60
-8, 111
-5, 99
-5, 44
-7, 95
-7, 70
-7, 58
-5, 61
-7, 45
-7, 68
-8, 55
-9, 116
-10, 74
-5, 59
-8, 57
-9, 69
-7, 115
-7, 111
-5, 111
-6, 61
-7, 60
-5, 50
-4, 51
-6, 54
-7, 51
-5, 57
-8, 66
-8, 99
-5, 60
-5, 76
-5, 59
-5, 53
-5, 107
-8, 70
-5, 103
-5, 59
-8, 65
-7, 62
-7, 55
-5, 53
-6, 66
-8, 53
-7, 66
-7, 79
-6, 100
-7, 50
-10, 59
-7, 105
-8, 62
-7, 48
-7, 103
-7, 102
-5, 51
-6, 72
-6, 55
-6, 53
-7, 91
-8, 64
-8, 67
-7, 102
-6, 62
-4, 65
-7, 108
-6, 60
-4, 100
-4, 55
-3, 44
-5, 110
-5, 96
-7, 116
-7, 99
-4, 50
-6, 52
-7, 50
-8, 103
-7, 46
-8, 66
14, 83
-7, 64
-8, 116
-4, 61
-5, 74
-8, 104
-6, 92
-6, 48
-5, 63
-4, 76
-7, 51
-6, 51
-8, 60
-7, 98
-6, 58
-7, 55
-7, 66
-7, 57
-6, 112
-5, 49
-6, 58
-9, 62
-6, 54
-3, 100
-4, 56
-9, 110
-7, 56
-6, 63
-3, 68
-3, 58
-4, 88
-7, 63
-6, 65
-6, 54
-4, 58
-4, 65
-8, 47
-7, 109
-7, 59
-6, 116
-7, 46
-4, 54
-5, 55
-6, 70
-8, 55
-4, 41
-3, 92
-8, 57
-9, 61
-6, 59
-5, 45
-6, 100
-7, 62
-5, 37
-5, 64
-7, 91
-7, 57
-6, 72
-6, 58
-8, 67
-7, 62
-9, 54
-4, 64
-6, 59
-5, 56
-5, 104
-5, 98
-5, 54
-9, 68
-7, 51
-7, 57
-9, 95
-3, 47
-6, 102
-8, 60
-8, 57
-7, 48
-3, 75
-8, 54
-6, 57
-7, 91
-6, 48
-8, 56
-7, 56
-6, 60
-8, 70
-8, 59
-9, 81
-5, 51
-4, 47
-8, 110
-4, 103
-5, 48
-1000000006, -999999898
-3, 46
-7, 58
-4, 61
-7, 101
-4, 65
-7, 51
-7, 45
-5, 108
-7, 56
-3, 40
-4, 58
-7, 51
-8, 73
-8, 104
-10, 110
-4, 50
-9, 105
-5, 105
-4, 53
-6, 90
-7, 68
-7, 63
-5, 89
-5, 67
-4, 55
-5, 55
-7, 54
-6, 51
-8, 107
-7, 71
-4, 73
-3, 56
-7, 112
-7, 61
-6, 64
-5, 64
-7, 72
-9, 68
-6, 59
-6, 47
-6, 51
-9, 100
-8, 72
-4, 64
-5, 57
-5, 57
-8, 60
-4, 67
-6, 115
-5, 60
-7, 53
-8, 60
-4, 58
-9, 60
-7, 50
-7, 67
-4, 53
-3, 52
-8, 69
-9, 106
-8, 47
-7, 61
-7, 68
-7, 56
-3, 55
-7, 65
-5, 46
-4, 67
-7, 64
-8, 113
-10, 61
-7, 60
-6, 106
-8, 68
-3, 58
-5, 58
-4, 62
-7, 69
-6, 74
-6, 100
-8, 105
-5, 57
-9, 109
-6, 55
-6, 66
-7, 70
-5, 50
-8, 104
-7, 69
-8, 70
-7, 66
-7, 74
-8, 45
-4, 55
-6, 44
-5, 72
-10, 59
-7, 49
-4, 97
-7, 67
-7, 67
-7, 105
-7, 63
-9, 57
-5, 58
-10, 107
-5, 62
-6, 101
-8, 87
-6, 76
-4, 73
-3, 108
-7, 97
-7, 112
-7, 52
-7, 103
-8, 56
-6, 71
-9, 56
-8, 59
-6, 57
-2, 60
-7, 59
-7, 48
-8, 100
-4, 106
-5, 55
-9, 44
-8, 55
-6, 56
-6, 65
-7, 71
-6, 66
-6, 37
-6, 72
-5, 74
-5, 71
-5, 103
-6, 104
-5, 57
-7, 63
-5, 36
-6, 63
-4, 47
-6, 53
-7, 63
-6, 56
-4, 65
-5, 54
-7, 108
-5, 60
-5, 47
-7, 51
-6, 67
-5, 101
-8, 58
-3, 33
-6, 70
-5, 63
-4, 59
-6, 57
-5, 66
-8, 62
-8, 66
-4, 56
-8, 60
-8, 89
-7, 106
-8, 65
-7, 99
-6, 77
-9, 76
-7, 55
-7, 54
-7, 59
-7, 59
-6, 96
-4, 53
-6, 71
-4, 55
-8, 55
-7, 62
-7, 59
-7, 58
-7, 52
-4, 67
-7, 67
-6, 53
-7, 70
-7, 74
-7, 46
-3, 89
-6, 61
-4, 51
-3, 55
-4, 50
-8, 62
-6, 57
-8, 62
-7, 51
-6, 47
-6, 54
-4, 61
-4, 101
-6, 53
-8, 53
-3, 65
-7, 104
-3, 70
-9, 57
-8, 56
-6, 73
-5, 102
-9, 105
-3, 56
-5, 105
-4, 112
-9, 57
-9, 92
-6, 67
-6, 49
-8, 50
-7, 51
-9, 66
-6, 61
-5, 73
-6, 62
-6, 53
-4, 58
-4, 60
-3, 62
-5, 72
-7, 102
-4, 63
-5, 61
-8, 60
-5, 59
-6, 64
-4, 66
-5, 63
-4, 75
-7, 59
-7, 40
-6, 67
-6, 90
-4, 47
-4, 64
-6, 57
-5, 103
-7, 67
-7, 53
4999999992, 705032756
-3, 45
-6, 52
-6, 59
-6, 66
-6, 56
-4, 89
-6, 48
-5, 57
-7, 115
-8, 61
-7, 67
-5, 97
-7, 67
-6, 51
-6, 69
-8, 52
-7, 59
-5, 58
-6, 70
-10, 69
-7, 98
-7, 66
-9, 55
-5, 60
-7, 59
-7, 112
-3, 59
-4, 57
-3, 60
-7, 57
-7, 50
-11, 58
-8, 55
-6, 52
-3, 107
-8, 101
-7, 100
-8, 64
-7, 102
-9, 116
-8, 60
-4, 105
-6, 106
-6, 56
-7, 59
-10, 54
-9, 108
-7, 71
-4, 66
-7, 70
-7, 98
-5, 43
-8, 105
-5, 52
-9, 59
-8, 68
-6, 58
-7, 66
-7, 111
-9, 66
-5, 41
-9, 58
-6, 58
-5, 55
-4, 56
-6, 48
-5, 67
-6, 67
-6, 105
-6, 109
-5, 56
-8, 74
-4, 47
-6, 117
-5, 103
-5, 50
-8, 66
-6, 56
-7, 52
-6, 106
-6, 52
-4, 51
-7, 75
-9, 77
-4, 58
-6, 70
-3, 67
-5, 65
-4, 96
-8, 102
-7, 69
-5, 46
-4, 47
-9, 78
-6, 53
-5, 95
-4, 50
-3, 102
-9, 57
-8, 67
-9, 59
-8, 98
-7, 65
-5, 60
-5, 60
-4, 106
-6, 73
-5, 55
-3, 47
-7, 63
-7, 63
-6, 49
-5, 56
-7, 62
-5, 110
-6, 113
-9, 40
-6, 66
-8, 111
-8, 64
-7, 63
-4, 104
-8, 56
-7, 58
-9, 63
-7, 59
-8, 78
-5, 73
-7, 78
-7, 113
-3, 53
-6, 55
-8, 41
-7, 67
-9, 59
-8, 73
-7, 64
-5, 48
-5, 60
-1000000009, -999999892
-7, 67
-8, 60
-4, 62
-8, 111
-8, 55
-7, 105
-5, 106
-7, 59
-8, 97
-8, 101
-9, 105
-3, 53
-3, 65
-5, 57
-7, 63
-6, 75
-7, 64
-8, 49
-7, 117
-6, 65
-7, 52
-5, 43
-6, 59
-6, 51
-5, 92
-7, 78
-7, 56
-7, 100
-6, 52
-8, 57
-7, 105
-8, 117
-7, 64
-6, 64
-5, 51
-6, 117
-7, 102
-6, 57
-7, 57
-7, 59
-6, 104
-6, 55
-6, 68
-6, 112
-6, 100
-7, 88
-8, 50
-6, 50
-3, 53
-6, 76
-8, 80
-5, 62
-6, 61
-6, 64
-8, 108
-6, 62
-7, 61
-6, 62
-9, 55
-8, 106
-7, 63
-7, 87
-5, 91
-6, 49
-7, 90
-8, 63
-8, 102
-9, 58
-7, 73
-8, 68
-7, 68
-4, 106
-5, 49
-4, 49
-7, 96
-6, 61
-6, 57
-4, 89
-5, 58
-4, 62
-6, 55
-4, 53
-4, 115
-6, 60
-7, 66
-7, 63
-6, 49
-8, 52
-8, 57
-6, 97
-7, 57
-10, 55
-4, 41
-5, 66
-8, 54
-4, 94
-7, 63
-7, 55
-7, 58
-5, 106
-6, 60
-4, 51
-8, 54
-8, 56
-6, 58
-9, 65
-7, 61
-7, 56
-7, 102
-10, 50
-7, 57
-7, 50
-5, 56
-5, 50
-4, 63
-5, 105
-4, 69
-6, 55
-5, 89
-7, 61
-7, 48
-6, 105
-9, 50
-10, 56
4999999993, 705032764
-4, 63
-10, 66
-5, 58
-1000000008, -999999931
-5, 62
-3, 56
-8, 52
-5, 61
-4, 48
-4, 93
-4, 97
-7, 102
-9, 58
-8, 39
-6, 104
-6, 56
-7, 42
-7, 72
-8, 100
-7, 65
-7, 50
-5, 101
-3, 63
-5, 53
-8, 50
-9, 63
-8, 90
-7, 68
-4, 64
-7, 102
-8, 68
-5, 62
-7, 51
-6, 59
-5, 62
-5, 100
-8, 88
-5, 94
-4, 64
-7, 61
-7, 51
-6, 102
-6, 72
-7, 59
-6, 57
-9, 62
-4, 109
-1000000006, -999999945
-7, 51
-7, 26
-6, 59
-6, 75
-6, 47
-8, 58
-5, 62
-9, 118
-5, 59
-3, 92
-5, 54
-5, 50
-3, 103
-5, 57
-6, 58
-8, 58
-4, 76
-5, 58
-3, 56
-4, 61
-6, 103
-9, 49
-3, 59
-7, 69
-4, 90
-5, 52
-5, 63
-5, 108
-7, 50
-4, 54
-7, 65
-5, 57
-4, 50
-7, 104
-5, 73
-8, 99
-9, 66
-6, 54
-6, 71
-7, 64
-5, 56
-7, 53
-6, 44
-7, 61
-7, 96
-7, 87
-5, 95
-6, 117
-6, 48
-5, 51
-9, 52
-6, 108
-6, 112
-7, 110
-6, 101
-7, 102
-8, 94
-3, 101
-3, 101
-6, 59
-6, 52
-5, 62
-8, 72
-7, 68
-4, 35
-8, 45
-8, 59
-8, 54
-4, 105
-5, 108
-8, 54
-7, 60
-4, 106
-6, 56
-7, 50
-6, 53
4999999992, 705032757
-7, 57
-7, 69
-7, 49
-9, 53
-5, 55
-6, 63
-5, 97
-5, 109
-7, 64
-3, 57
-3, 51
-5, 97
-6, 60
-4, 52
-7, 107
-6, 101
-8, 50
-4, 90
-5, 100
-9, 67
-7, 74
-8, 41
-3, 106
-7, 54
-7, 43
-10, 52
-6, 77
-7, 76
-5, 91
-8, 60
-5, 46
-7, 101
-6, 90
-5, 69
-7, 58
-6, 101
-7, 53
-6, 59
-10, 67
-5, 52
-3, 49
-9, 67
-5, 53
-8, 35
-3, 66
-6, 55
-8, 54
-6, 55
-4, 105
-8, 53
-4, 52
-6, 56
-8, 57
-5, 64
-5, 59
-6, 115
-5, 56
-8, 50
-4, 55
-6, 51
-5, 66
-7, 62
-7, 59
-6, 62
-2, 56
-6, 117
-9, 93
-7, 73
-4, 68
-6, 47
-4, 55
-4, 43
-3, 33
-7, 87
-3, 59
-4, 52
-7, 89
-3, 52
-7, 69
-6, 60
-7, 61
-8, 100
-5, 66
-6, 97
-7, 52
-6, 60
-7, 50
-8, 79
-4, 60
-6, 99
-9, 112
-6, 71
-7, 62
-7, 57
-6, 98
-8, 101
-6, 51
-6, 54
-6, 51
-4, 106
-7, 53
-3, 68
-5, 101
-7, 111
-6, 54
-7, 114
-4, 61
-4, 57
-4, 51
-9, 86
-4, 61
-9, 72
-7, 51
-5, 41
-8, 74
-6, 57
-9, 95
-5, 53
-5, 50
-4, 88
-5, 50
-10, 69
-9, 65
-7, 54
-3, 106
-9, 101
-8, 62
-7, 55
-6, 104
-6, 68
-4, 54
-9, 56
-6, 52
-5, 68
-5, 97
-4, 56
-5, 50
-5, 100
-4, 63
-5, 65
-7, 56
-4, 61
-9, 105
-5, 92
-4, 59
-7, 54
-4, 48
-8, 106
-5, 97
-8, 56
-4, 64
-9, 102
-3, 54
-6, 58
-9, 97
-6, 67
-8, 55
-7, 63
-6, 110
-7, 64
-8, 107
-5, 62
-9, 114
-6, 100
-4, 102
-7, 59
-7, 55
-7, 49
-5, 56
-4, 103
-6, 72
-5, 53
-4, 72
-7, 103
-7, 99
-8, 52
-6, 39
-7, 114
-5, 100
-7, 48
-6, 64
-4, 68
-7, 64
-9, 55
-4, 48
-7, 68
-8, 107
-6, 59
-6, 47
-4, 98
-7, 104
-4, 65
-6, 59
-5, 59
-4, 63
-4, 51
-7, 74
-7, 111
-4, 45
-6, 50
-8, 51
-4, 106
-5, 111
-9, 51
-5, 44
-7, 59
-7, 60
-7, 63
-4, 99
-4, 102
-5, 56
-9, 64
-7, 48
-6, 110
-10, 100
-9, 54
-5, 63
-7, 71
-6, 59
-4, 48
-4, 46
-8, 65
-8, 52
-7, 55
-8, 53
-6, 68
-6, 107
-5, 113
-4, 61
-9, 54
-7, 59
-4, 53
-7, 56
-6, 63
-6, 58
-7, 106
-7, 103
-4, 72
-7, 65
-7, 104
-4, 59
-6, 71
-5, 65
-7, 40
-6, 41
-4, 56
-3, 106
-5, 51
-4, 54
-7, 72
-5, 67
-9, 68
-7, 75
-5, 60
-6, 64
-6, 57
-7, 69
-8, 72
-7, 114
-7, 49
-7, 55
-7, 46
-2, 58
-4, 59
-6, 116
-8, 50
-5, 55
-3, 49
-8, 111
-10, 109
-7, 59
-7, 100
-6, 51
-7, 104
-7, 57
-8, 64
-5, 58
-3, 100
-7, 53
-7, 101
-5, 71
-6, 60
-4, 103
-5, 45
-7, 56
-6, 65
-7, 62
-9, 52
-6, 70
-7, 55
-5, 51
-6, 104
-4, 72
-5, 52
-6, 63
-4, 66
-4, 62
-7, 62
-7, 57
-8, 94
-5, 64
-7, 67
-9, 73
-9, 113
-7, 97
-6, 97
-8, 53
-8, 53
-7, 60
-8, 109
-7, 63
-10, 48
-6, 60
-5, 75
-8, 53
-5, 54
-8, 56
-7, 55
-7, 34
-5, 64
-5, 68
-5, 62
-6, 60
-9, 52
-3, 91
-5, 58
-6, 50
-7, 67
-5, 53
-8, 50
-7, 51
-5, 66
-4, 96
-5, 51
-7, 54
-5, 107
-6, 69
-5, 111
-4, 51
-8, 47
-4, 50
-4, 54
-6, 110
-8, 104
-5, 44
-10, 104
-6, 58
-7, 53
-6, 111
-8, 59
-3, 60
-6, 59
-5, 69
-6, 105
-3, 49
-8, 59
-6, 93
-6, 99
-5, 61
-5, 60
-5, 51
-4, 111
-4, 64
-5, 59
-3, 87
-5, 65
-3, 60
-7, 61
-7, 103
-7, 39
-4, 45
-5, 59
-6, 63
-6, 62
-5, 48
-4, 96
-3, 59
-7, 59
-5, 53
-5, 104
-5, 61
-5, 53
-4, 60
-6, 57
-8, 59
-7, 49
-7, 62
-7, 62
-6, 64
-6, 39
-4, 73
-6, 65
-7, 70
-6, 49
-8, 106
-8, 64
-4, 40
-8, 37
-7, 64
-6, 52
-8, 109
-7, 53
-5, 105
-8, 103
-9, 97
-7, 58
-4, 58
-5, 58
-7, 61
-8, 49
-9, 67
-7, 66
-7, 102
-7, 56
-7, 93
-9, 60
-7, 63
-7, 33
-6, 93
-7, 47
-4, 107
-3, 59
-4, 58
-4, 53
-7, 111
-7, 60
-8, 63
-7, 110
-8, 98
-9, 53
-9, 48
-6, 47
-7, 63
-8, 64
-8, 52
-6, 55
-7, 44
-7, 71
-4, 57
-4, 56
-5, 61
-7, 71
-4, 90
-6, 98
-6, 92
-10, 91
-6, 61
-7, 59
-6, 92
-5, 51
-7, 57
-7, 56
-5, 100
-6, 65
-8, 89
-6, 42
